,channel_id,view1,view2,view3,view4,view5,view6,view7,view8,view9,view10,engage1,engage2,engage3,engage4,engage5,engage6,engage7,engage8,engage9,engage10,dur1,dur2,dur3,dur4,dur5,dur6,dur7,dur8,dur9,dur10,duration,no_of_videos,subsCount,title,thumbnail,viewCount,Clickbait_title,Clickbait_thumbnail
0,UC1zZE_kJ8rQHgLTVfobLi_g,42745,206163,149326,132617,186354,291737,207239,309042,192675,280287,0.029851445,0.02064871,0.023117207,0.025622658,0.025553516,0.034952714,0.025521258,0.030173892,0.0286389,0.029234321,10.2,8.15,8.933333333,11.13333333,11.95,14.96666667,11.85,12.1,13.96666667,12.25,17.25,1525,12400000,Why I'm at TKOR,https://i.ytimg.com/vi/LCgPmthpC2w/hqdefault.jpg,139285,1,1
1,UCpVm7bg6pXKo1Pr6k5kxG9A,28869,98463,83194,15905,9551,11575,53867,89053,16390,24744,0.019120856,0.007058489,0.012428781,0.03665514,0.033294943,0.021943844,0.020996157,0.012239902,0.019219036,0.025056579,18.63333333,4.116666667,3.483333333,25.78333333,30.61666667,37.81666667,3.333333333,3.3,31.16666667,3.283333333,5.066666667,10130,21500000,Elephant Cleverly Steals Sugar Cane off a Truck in Thailand | Secrets of the Elephants,https://i.ytimg.com/vi/qsT6dy8PLGk/hqdefault.jpg,264072,1,1
2,UCggHoXaj8BQHIiPmOxezeWA,1470242,1712722,478876,754971,1182122,1978969,1790022,2771459,3274951,1038436,0.029414205,0.031218727,0.035790058,0.034478146,0.034963396,0.027858951,0.03052644,0.028856281,0.024495023,0.039346671,48.55,29.1,40.36666667,31.75,36.38333333,40.41666667,52.26666667,35.4,31.06666667,28.65,39.55,104,1500000,History Buffs: The Bounty,https://i.ytimg.com/vi/jXiedmOUq5I/hqdefault.jpg,521445,1,1
3,UCsooa4yRKGN_zEE8iknghZA,102739,481163,368914,144,704057,1198252,987602,412818,441967,630509,0.041707628,0.048499157,0.051120315,0.104166667,0.033252989,0.044088389,0.038744352,0.044125983,0.043586965,0.033888493,5.8,5.7,6.533333333,5.783333333,5.383333333,5.1,5,4.95,5.4,5.016666667,4.883333333,2043,18500000,Can zoos save species from extinction? - Nigel Rothfels,https://i.ytimg.com/vi/Xj5nH5JtJAQ/hqdefault.jpg,126565,0,1
4,UCXhSCMRRPyxSoyLSPFxK7VA,181258,77071,110696,193948,136194,408614,142050,226492,416111,433302,0.055109292,0.083702041,0.081159211,0.069982676,0.082830374,0.065085876,0.108468849,0.107425428,0.128506576,0.040516776,11.16666667,10.36666667,5.7,10.45,7.883333333,11.48333333,9.283333333,9.566666667,10.95,7.516666667,9.633333333,944,6090000,7 Horrific Fairy Tale Origins That Will Ruin Your Childhood,https://i.ytimg.com/vi/pSHoz0Gd-Ac/hqdefault.jpg,66644,1,1
5,UCGi_crMdUZnrcsvkCa8pt-g,22954,25773,28206,33988,20667,20921,25825,39599,42713,68520,0.026313497,0.05792884,0.052577466,0.061080381,0.087579233,0.0462215,0.071403679,0.042930377,0.040783836,0.026809691,11.28333333,10.38333333,9.916666667,8.533333333,8.45,10.75,10.45,10.11666667,10.3,10.81666667,10.3,1377,5540000,10 Product Launches That Ruined Companies,https://i.ytimg.com/vi/fi9qyBwWWYM/hqdefault.jpg,15481,1,1
6,UCZYTClx2T1of7BRZ86-8fow,246203,126186,144640,370263,193678,389568,191172,259037,163541,239968,0.063260805,0.055798583,0.051465708,0.059198462,0.055974349,0.04292447,0.058287825,0.057875902,0.051766835,0.048168923,7.083333333,6.15,5.633333333,6.766666667,4.166666667,6.35,4.216666667,6.066666667,12.43333333,7.2,10.75,3300,7510000,5 Times We Used Balloons for Space Science,https://i.ytimg.com/vi/TDeDFC0nmwo/hqdefault.jpg,54006,1,1
7,UCHnyfMqiRRG1u-2MsSQLbXA,5114182,7464638,2438321,5509154,2955297,7984611,4579235,18122650,7278449,4530255,0.046902906,0.021851696,0.089483296,0.030909646,0.034475723,0.031082792,0.034701866,0.015347755,0.027369018,0.040166392,24.48333333,23.08333333,10.31666667,13.31666667,21.8,24.65,15.56666667,20.41666667,18.53333333,19.43333333,24.05,362,13600000,Explaining concrete while getting buried in it,https://i.ytimg.com/vi/rWVAzS5duAs/hqdefault.jpg,3354102,1,1
8,UCYenDLnIHsoqQ6smwKXQ7Hg,579476,211887,79729,133216,270080,165669,229061,146142,187706,132318,0.00818153,0.015154304,0.03050333,0.019584735,0.014884479,0.008643741,0.012036095,0.014814359,0.018012211,0.021395426,14.88333333,15.03333333,15.01666667,15.3,15.16666667,20.55,15.25,15.16666667,15.2,15.03333333,14.86666667,751,8360000,When People Had Absolutely Bad Day,https://i.ytimg.com/vi/ULRNi7Ry8z0/hqdefault.jpg,114342,1,1
9,UC4a-Gbdw7vOaccHmFo40b9g,15065,95049,11391,4215,1700,729,740,855,2256,5253,0.016528377,0.009079527,0.01948907,0.019691578,0.021764706,0.013717421,0.018918919,0.024561404,0.039450355,0.01541976,2.583333333,3.716666667,1.316666667,1.466666667,1.7,1.433333333,1.45,2.033333333,2.016666667,3.066666667,1.4,8355,7850000,Introducing Khanmigo Teacher Mode,https://i.ytimg.com/vi/c2fK-hxnPSY/hqdefault.jpg,12521,1,1
10,UCJFp8uSYCjXOMnkUyb3CQ3Q,610123,339761,361458,1327088,1403485,622972,242772,394877,869259,528912,0.025514527,0.023825572,0.013899264,0.005668049,0.006097678,0.034223047,0.025583675,0.039564219,0.039968525,0.035043637,18.86666667,15.45,8.35,22.65,20.45,11.86666667,12.25,11.05,10.35,7.9,12.91666667,4603,21100000,Can Rie Make Lay's India's Magic Masala Chips Fancy?,https://i.ytimg.com/vi/sdubryBISu0/hqdefault.jpg,381599,1,1
11,UCYjk_zY-iYR8YNfJmuzd70A,105633,6974,9943,12671,6683,7848,9863,40409,9219,36957,0.023912982,0.036707772,0.0304737,0.043642964,0.033667515,0.031345566,0.034370881,0.058229602,0.030805944,0.057905133,21.28333333,41.06666667,56.83333333,59.26666667,2.1,57.56666667,7.65,5.783333333,6.366666667,7.016666667,10.55,482,6850000,Harley's First L | Binge Eater Podcast Ep.30,https://i.ytimg.com/vi/nXW5GUF4tCI/hqdefault.jpg,7943,1,1
12,UCpSgg_ECBj25s9moCDfSTsA,143662,112250,153417,190780,176672,295605,69770,282764,360174,235799,0.020019212,0.034512249,0.022383439,0.031381696,0.034657444,0.026122698,0.036333668,0.033448388,0.024041158,0.023626054,6.166666667,6.383333333,6.133333333,4.116666667,3.766666667,7.216666667,4.45,8.166666667,8.466666667,6.166666667,8.083333333,1925,5800000,Gennaro's Perfect Pea Pasta,https://i.ytimg.com/vi/csCo9izJ0-Y/hqdefault.jpg,53645,1,1
13,UCsP7Bpw36J666Fct5M8u-ZA,558435,1127417,691209,400478,1199253,289731,229646,1384565,614249,1212054,0.065774889,0.073275461,0.080372217,0.070248553,0.065779281,0.076802275,0.070473686,0.068433046,0.056060327,0.060564133,17.93333333,16.93333333,11.86666667,11.21666667,24.58333333,9.783333333,21.93333333,22.41666667,12.48333333,16.51666667,10.1,505,4920000,Does water EXPLODE in the microwave?  Debunking fake hacks 2023,https://i.ytimg.com/vi/a5T-TxCKmkY/hqdefault.jpg,586740,1,1
14,UCPWtWU1rfmUVc2ygiYuMrvA,93,93,74,171,1003,262,110,95,155,96,0.043010753,0.053763441,0.067567568,0.023391813,0.037886341,0.038167939,0.054545455,0.042105263,0.051612903,0.0625,1.383333333,1.766666667,1.266666667,3.3,5.083333333,3.783333333,3.7,1.383333333,1.083333333,9.016666667,2.05,207,6980,BG Voice Reel,https://i.ytimg.com/vi/S0dSgwcyDMg/hqdefault.jpg,29,0,1
15,UCNbngWUqL2eqRw12yAwcICg,133998,119639,177855,197646,123582,207631,222660,149457,123963,46784,0.048635054,0.021447856,0.029220432,0.034576971,0.037804858,0.037595542,0.035134285,0.043671424,0.046336407,0.044780267,15.9,6.383333333,8.933333333,18.13333333,13.16666667,11.05,11.58333333,15.41666667,9.733333333,5.6,8.45,1856,3880000,Laura Vitale's Italian Sliders,https://i.ytimg.com/vi/ax7dpirZSBA/hqdefault.jpg,44678,0,1
16,UC8gFadPgK2r1ndqLI04Xvvw,98994,90658,125069,113452,191347,177640,86348,218067,178100,106216,0.053993171,0.049648128,0.050907899,0.056966823,0.058365169,0.048356226,0.052091537,0.040781044,0.047097136,0.035070046,5.65,10.3,10.56666667,10.7,12.43333333,10.75,6.766666667,13.81666667,12.23333333,8.883333333,12.4,507,6230000,Spicy Raw Crab (Yangnyeom-gejang: ÏñëÎÖêÍ≤åÏû•),https://i.ytimg.com/vi/JFDV7fMTCVU/hqdefault.jpg,95350,1,1
17,UCRxAgfYexGLlu1WHGIMUDqw,351914,685604,620748,1540495,810833,1331595,1857855,1821188,2628539,5453037,0.066484993,0.095721437,0.064100086,0.072237171,0.060106088,0.068565893,0.069906963,0.065904234,0.055289649,0.048630149,25.95,16.5,13.85,10.88333333,12.86666667,13.46666667,10.31666667,9.766666667,12.76666667,13.63333333,4.533333333,42,5320000,Homemade Cat Food (Fish Jelly Terrine),https://i.ytimg.com/vi/8ATmh9nSJKE/hqdefault.jpg,449047,1,1
18,UCbpMy0Fg74eXXkvxJrtEn3w,212460,997370,361216,554129,82008,469114,167233,156821,121755,1535706,0.023237315,0.016485356,0.017053508,0.019612762,0.031131109,0.021962679,0.024008419,0.026157211,0.017839103,0.019279732,8.033333333,21.83333333,24.15,20.8,7.216666667,15.18333333,14.83333333,9.45,13.41666667,15.6,11.4,1454,6280000,How the Hand-Ripped Noodles Are Made at Xi'an Famous Foods | From The Test Kitchen | Bon App√©tit,https://i.ytimg.com/vi/6NZPhmKYJSw/hqdefault.jpg,167347,1,1
19,UCfyehHM_eo4g5JUyWmms2LA,375194,659477,685711,353867,397030,356751,738627,589241,705393,1257105,0.039022479,0.02959618,0.036411841,0.050682884,0.03807269,0.042463791,0.03030623,0.033341197,0.03877413,0.044505431,20.71666667,18.76666667,19.58333333,17.25,19.78333333,17.25,21.11666667,18.83333333,15.68333333,17.56666667,16.46666667,1853,2690000,Chef vs Normal: Food Rations Taste Test,https://i.ytimg.com/vi/BFSZvm0MiOc/hqdefault.jpg,294418,1,1
20,UCiP6wD_tYlYLYh3agzbByWQ,39061,38169,23340,46624,45779,10434,30602,37444,48077,55051,0.019866363,0.02195499,0.023093402,0.025201613,0.0204679,0.039007092,0.020554212,0.024276253,0.021340766,0.019817987,34.6,23.65,30.11666667,37.33333333,40.96666667,6.733333333,24.78333333,23.58333333,29.76666667,27.7,24.28333333,1091,6640000,Bored Easily HIIT: Athletic Drills and Speed,https://i.ytimg.com/vi/9OG1Evg_0PY/hqdefault.jpg,13360,1,1
21,UCIJwWYOfsCfz6PjxbONYXSg,4274855,7269495,6742250,3971522,6857578,13569942,296205,323801,305695,303430,0.085046627,0.080114506,0.080462605,0.125949195,0.093950955,0.10305512,0.023294678,0.023557679,0.023588871,0.02414725,1.016666667,1.016666667,1.016666667,1.016666667,1.016666667,1.016666667,36.33333333,32.38333333,33.93333333,33.05,1.016666667,1163,8390000,I played around with a brand new silhouette and fabric and let's just say... I'm obsessed üëó #fashion,https://i.ytimg.com/vi/vqB7hVyP0ps/hqdefault.jpg,17725762,1,1
22,UCM1Nde-9eorUhq-teaWlgUA,12631,10025,6891,8306,5080,6429,4892,4447,4386,4788,0.01868419,0.027032419,0.026991728,0.02311582,0.02519685,0.025664956,0.031684383,0.024960648,0.025535796,0.027777778,12.45,13.93333333,10.35,15.16666667,11.85,15.15,12.5,14.43333333,10.18333333,14.2,13.11666667,694,3230000,FitBod Pre-Workout Stretch Routine| XHIT,https://i.ytimg.com/vi/J_B8AWpXHBo/hqdefault.jpg,17686,1,1
23,UCBINFWq52ShSgUFEoynfSwg,0,87239,80696,53731,82175,100357,35962,45667,36363,209991,inf,0.02854228,0.028824229,0.015968435,0.018752662,0.004882569,0.023747289,0.022576478,0.030195528,0.020515165,24.3,30.96666667,32.78333333,11.45,31.15,12.7,10.95,31.68333333,11.48333333,32.66666667,10.48333333,1675,6070000,10-Minute Bollywood Fusion Dance Workout | POPSUGAR FITNESS,https://i.ytimg.com/vi/Oi5MsLmzKaM/hqdefault.jpg,9921,1,1
24,UCEtMRF1ywKMc4sf3EXYyDzw,34610,68293,71560,92175,35226,38657,29184,439196,34146,76516,0.051256862,0.038656963,0.048365008,0.031874152,0.077698291,0.064955894,0.073362116,0.038024026,0.065307796,0.065058288,6.633333333,4.516666667,8.733333333,3.883333333,9.066666667,12.28333333,6.866666667,5.583333333,5,11.8,5.266666667,1848,2770000,How To: Sit-Up || 3 Golden Rules (BUILD ABS FAST!),https://i.ytimg.com/vi/0OWEtuS7-pE/hqdefault.jpg,32621,1,1
25,UCyqR7WkL8i1b6xtSssDmW9w,89647,129420,282095,408844,311477,444146,169736,208335,2308682,1837589,0.032449496,0.041631896,0.020503731,0.019775269,0.019927635,0.020083486,0.031148372,0.024609403,0.022533203,0.016898229,2.416666667,1.583333333,3.45,4.866666667,3.4,3.116666667,7.85,2.833333333,38.41666667,2.866666667,3.816666667,861,5050000,"RAYE, 070 Shake - Escapism | Caleb Marshall | Dance Workout",https://i.ytimg.com/vi/fDS6hY_jTZ8/hqdefault.jpg,80082,1,1
26,UCGMOauU8dOd4mv2bT3Tx57w,156153,58593,103601,112935,100816,108725,56234,70179,91972,127967,0.031750911,0.012100422,0.031322091,0.06505512,0.048206634,0.042529317,0.088185084,0.075763405,0.08821163,0.061211093,4.983333333,3,14.65,15.6,3.483333333,2.55,10.73333333,12.5,15.28333333,9.533333333,9.183333333,414,2360000,Are SOAKED Almonds Better Than RAW Almonds (MYTH or TRUTH) - Guru Mann,https://i.ytimg.com/vi/kNGCZZ709-o/hqdefault.jpg,94161,1,1
27,UCEQi1ZNJiw3YMRwni0OLsTQ,2006699,227514,333352,946638,261837,358692,484550,588517,446675,286846,0.000145513,0.049025554,0.046665387,0.000265149,0.052150766,0.049474201,0.048874213,0.049305288,0.08594168,0.047757333,1.016666667,20.55,26.93333333,1.016666667,22.43333333,20.61666667,13.91666667,13.83333333,12.5,20.51666667,7.9,443,2170000,OUR WEDDING | Whitney + Stefan,https://i.ytimg.com/vi/fq2CdnfijhQ/hqdefault.jpg,314405,1,1
28,UCEQi1ZNJiw3YMRwni0OLsTQ,2006699,227514,333353,946638,261837,358692,484550,588517,446675,286847,0.000145513,0.049025554,0.046665247,0.000265149,0.052150766,0.049474201,0.048874213,0.049305288,0.08594168,0.047757167,1.016666667,20.55,26.93333333,1.016666667,22.43333333,20.61666667,13.91666667,13.83333333,12.5,20.51666667,7.9,443,2170000,OUR WEDDING | Whitney + Stefan,https://i.ytimg.com/vi/fq2CdnfijhQ/hqdefault.jpg,314406,1,1
29,UC4GJndVHEhdmqLFBHOCi97A,209793,42841,27573,63707,147382,934033,287576,127235,78590,230044,0.02683121,0.029574473,0.06285134,0.045536597,0.029264089,0.018722037,0.02936615,0.024631587,0.033223056,0.031115787,26.76666667,25.11666667,5.266666667,8.1,51.66666667,27.51666667,31.66666667,12.46666667,24.01666667,16.88333333,2.933333333,296,3720000,New! Basic 1 Hour Workout | No Gym Fat Burning & Body Strengthening (Level 2-3),https://i.ytimg.com/vi/EOSWIY9XXp8/hqdefault.jpg,49030,1,1
30,UCiH4auDlkM0tgn9ewT3B1Vw,80356,418700,146404,246998,116702,270997,208933,208716,216143,185229,0.063106675,0.047731072,0.052218519,0.040316116,0.073854775,0.049262538,0.04804411,0.057091934,0.054477823,0.0612863,6.516666667,24.18333333,6.233333333,18.98333333,11,16.83333333,14.11666667,19.15,21.18333333,14.5,19.76666667,251,1920000,LANZAMIENTO DE MI COL√ÅGENO CON CYNATINE HNS | ACIDO HIALURONICO | BIOTINA | VITAMINA E Y C !,https://i.ytimg.com/vi/MKKf7nd5hPo/hqdefault.jpg,247517,0,1
31,UCFKE7WVJfvaHW5q283SxchA,847762,952480,540348,527142,548251,502031,522912,558556,554610,570852,0.024700329,0.017860742,0.035510449,0.024790284,0.025180073,0.025769325,0.026937611,0.026507638,0.027623014,0.025836819,22.66666667,27.83333333,24.01666667,24.53333333,21.16666667,22.21666667,23.81666667,24.31666667,21.98333333,17.8,17.16666667,690,12000000,Quick Restorative Yin | Gentle Yoga Practice,https://i.ytimg.com/vi/nylNjxeOeSw/hqdefault.jpg,419750,1,1
32,UCGb34D3ThpmjLNn-FLv2_yQ,17361,44130,5409,4082,5824,35888,3977,30580,31924,37689,0.023270549,0.017743032,0.05527824,0.05022048,0.057864011,0.01490749,0.047271813,0.015271419,0.016664578,0.018068933,15.78333333,15.11666667,17.26666667,16.81666667,17.61666667,31.23333333,14.43333333,13.41666667,12.58333333,17.9,13.85,3558,4070000,TOTAL Body YOGA Workout! Quick Full Body Yoga for Burning Calories & Shredding Fat w/ Brooke,https://i.ytimg.com/vi/V9QLYBaQczc/hqdefault.jpg,4821,1,1
33,UCWN2FPlvg9r-LnUyepH9IaQ,88804,166621,73913,70842,140664,27094,67590,134590,257475,167144,0.034593036,0.037960401,0.037165316,0.044620423,0.033448501,0.032221156,0.042728214,0.036109666,0.028542577,0.032217728,48.5,26.73333333,3.05,28.7,16.65,57.96666667,25.8,18.96666667,34.03333333,21.71666667,18.91666667,526,2710000,Best 15 Min Morning Yoga | Full Body Yoga To Align Your Body & Mind For A Perfect Day To Come,https://i.ytimg.com/vi/popjTqZenwA/hqdefault.jpg,40020,1,1
34,UCH-81uaxCwAAaSgxRtxMkxg,554994,11004,17807,16977,45840,22572,21182,51494,8508,8242,0.003540579,0.049436569,0.043241422,0.040643223,0.017910122,0.038631933,0.038995373,0.026993436,0.037141514,0.043678719,11.78333333,12.43333333,1.6,7.183333333,56.93333333,55.43333333,56.01666667,56,24.61666667,23.21666667,25.85,1897,804000,Yoga Challenge - Day 1 Strong Core for L-Sit and More - Seven Days of Strength,https://i.ytimg.com/vi/ojont4kXuJM/hqdefault.jpg,10714,0,1
35,UCcox27Gc-NGbb2-X9hdLaMw,6231,8260,7385,3085,2285,7293,2852,3078,2695,4097,0.050714171,0.074818402,0.055788761,0.054132901,0.070897155,0.073358015,0.078892006,0.077647823,0.080890538,0.068098609,45.01666667,23.48333333,22.71666667,36.71666667,39,29.4,39.9,48.98333333,44.7,43.36666667,23,761,685000,20 Minute Full Body Yoga Workout (Tribute to Lesley),https://i.ytimg.com/vi/IrJ34_ooUPw/hqdefault.jpg,14553,1,1
36,UC-0CzRZeML8zw4pFTVDq65Q,4073,6453,21623,27559,145899,11020,11136,93141,101646,7713,0.045666585,0.043080738,0.046154558,0.044377517,0.025908334,0.026950998,0.043552443,0.042430294,0.029386301,0.039413976,2.133333333,30.31666667,9.133333333,21.08333333,10.46666667,1.016666667,25.86666667,21.05,20.06666667,24.31666667,10.85,471,1640000,"10 min Yoga Stretch for Stress, Hardship & Trauma",https://i.ytimg.com/vi/dWpVQ070o_o/hqdefault.jpg,25773,1,1
37,UCa5OCJkZgtbIkaB1sA86XVA,2363,1576,1942,1570,1264,2090,2397,1098,1894,811,0.02962336,0.031091371,0.052523172,0.05477707,0.09414557,0.049760766,0.057571965,0.071948998,0.040126716,0.028360049,2.716666667,1.3,1.35,1.283333333,1.016666667,14.8,4.616666667,2.983333333,6.516666667,3.083333333,9.5,734,324000,How to Practice Softness,https://i.ytimg.com/vi/QfTSY446GWg/hqdefault.jpg,1835,1,1
38,UCFYsO0t3zj0eJ_NcOlowTSA,2327,6346,1480,892,5432,4064,9383,9213,2518,2632,0.033089815,0.040182792,0.032432432,0.024663677,0.171023564,0.207185039,0.116060961,0.040811896,0.025019857,0.042173252,19.4,29.8,3.483333333,19.06666667,11.98333333,9.45,10.48333333,23.55,7.766666667,2.35,16.48333333,841,354000,Build resilience in body and mind with Esther Ekhart,https://i.ytimg.com/vi/U-553PWAD0g/hqdefault.jpg,2142,0,1
39,UCDljuE4CyM0P9k7BiPLEC-g,958,888,665,786,866,1297,806,1189,1049,945,0.038622129,0.040540541,0.040601504,0.031806616,0.023094688,0.017733231,0.03101737,0.024390244,0.03336511,0.023280423,40.21666667,40.06666667,39.73333333,39.86666667,38.96666667,40.75,41,39.85,39.63333333,40.61666667,40.01666667,360,194000,ÿßŸÑŸáŸàŸäÿ© ÿßŸÑÿ∂ÿßÿ¶ÿπÿ© - ÿßŸÑÿ≠ŸÑŸÇÿ© 17 | Innocence Lost - Episode 17,https://i.ytimg.com/vi/gDTxOj3PlZ4/hqdefault.jpg,703,1,1
40,UCI9s9nFu2m3K2CvhO2QVfTg,2064,845,751,1398,858,2174,1404,814,1200,2537,0.059593023,0.06035503,0.07723036,0.033619456,0.037296037,0.053357866,0.059116809,0.029484029,0.039166667,0.038628301,20.16666667,11.43333333,5.483333333,1.016666667,1.016666667,11.45,26.46666667,1.116666667,1.016666667,49.36666667,12.2,656,307000,Quick Total Body Dumbbell Circuit,https://i.ytimg.com/vi/a66sRliewVk/hqdefault.jpg,645,1,1
41,UC9MAhZQQd9egwWCxrwSIsJQ,98774,426583,27513,110181,162128,509990,498193,25466,164170,90637,0.014436998,0.008755623,0.024970014,0.008531416,0.018806128,0.010998255,0.015646547,0.016924527,0.01489919,0.017145316,7.666666667,9.866666667,5.9,5.683333333,12.63333333,18.16666667,11.16666667,4.433333333,5.483333333,5.4,10.93333333,9182,11700000,UNIDENTIFIED ENERGY Causes Drone Interferences | The Secret of Skinwalker Ranch (Season 4),https://i.ytimg.com/vi/pWZhECTuaYw/hqdefault.jpg,335161,1,1
42,UClfEht64_NrzHf8Y0slKEjw,166764,239545,528439,616453,367849,597701,688291,1063193,733720,1113537,0.072473675,0.06435534,0.057936678,0.051437823,0.058847516,0.069899498,0.049672304,0.048905514,0.051022188,0.052057543,12.01666667,21.63333333,21.58333333,36.96666667,20.58333333,25.91666667,20.83333333,18.78333333,13.33333333,19.23333333,15.83333333,248,2200000,What if Big Bird Exploded in the Challenger Disaster?,https://i.ytimg.com/vi/vF-vrL0htbE/hqdefault.jpg,525523,0,1
43,UC510QYlOlKNyhy_zdQxnGYw,81266,292131,182499,325125,269416,593967,171844,420705,162004,691413,0.032190584,0.037647494,0.034882383,0.022908112,0.04153057,0.026796101,0.062975722,0.020120987,0.04511617,0.032096591,44.45,8.866666667,30.56666667,43.05,9.35,27.06666667,11.36666667,37.25,10.3,15,11.55,778,4330000,Life Under THE Most Evil Communist Regime - Khmer Rouge,https://i.ytimg.com/vi/0Ly2JJFGdZo/hqdefault.jpg,330238,0,1
44,UCNIuvl7V8zACPpTmmNIqP2A,17323393,24644717,26404490,39542839,39715765,23691352,32666846,33862485,28356043,50988250,0.029365494,0.029570719,0.023143677,0.018741826,0.019321672,0.019859652,0.019398996,0.019915579,0.019100937,0.014176011,27.56666667,38.71666667,31.21666667,29.7,33.71666667,24.36666667,21.06666667,26.78333333,22.71666667,29.88333333,22.08333333,29,7500000,The First Punic War - OverSimplified (Part 2),https://i.ytimg.com/vi/hRSGxw2AQnk/hqdefault.jpg,11588573,1,1
45,UC88lvyJe7aHZmcvzvubDFRg,54289,131758,82714,45289,123271,93789,36561,275903,15289,136390,0.019304095,0.016826303,0.015293662,0.024995032,0.021424341,0.018850825,0.025737808,0.012544264,0.041140689,0.019488232,49.15,52.11666667,16.23333333,52.03333333,55.18333333,48.7,48.66666667,55.78333333,48.26666667,47.85,54.68333333,1093,4760000,1861-1865: The Complete Story Of The American Civil War | History Of Warfare | Timeline,https://i.ytimg.com/vi/Pu-Fcc5vFlE/hqdefault.jpg,89394,1,1
46,UCodbH5mUeF-m_BsNueRDjcw,298579,62714,177171,69488,540652,311255,265242,70756,433651,152588,0.061625232,0.034729088,0.089613989,0.032595556,0.082933199,0.118083244,0.078215366,0.029085873,0.105395814,0.058674339,2.35,14.03333333,6.333333333,30.03333333,33.55,3.4,8.7,10.61666667,5.533333333,23.23333333,3.85,511,2130000,Hyrule Roadtrip! - RED PLAYS Breath of the Wild!,https://i.ytimg.com/vi/zEbQTUmUAVQ/hqdefault.jpg,48449,1,1
47,UCv_vLHiWVBh_FR9vbeuiY-A,683141,1017213,1676799,783178,1224972,1482976,1109407,3198966,2403473,1886784,0.055464392,0.038051028,0.030650066,0.057818274,0.033793425,0.032123244,0.035221519,0.0282782,0.025685747,0.028092246,25.68333333,51.2,46.76666667,19.31666667,30.4,38.2,21.85,23.86666667,32.53333333,22.55,22.48333333,84,916000,The Battle of Actium (31 B.C.E.),https://i.ytimg.com/vi/t7Y-1qMKY_0/hqdefault.jpg,511610,1,1
48,UCx-dJoP9hFCBloY9qodykvw,114316,156185,90036,119374,78345,210808,254966,263142,475690,283939,0.057157353,0.041213945,0.073392865,0.062400523,0.065441317,0.046392926,0.048386844,0.048825349,0.042500368,0.045795048,8.966666667,9.95,9.75,10.6,10.21666667,13.96666667,16.18333333,14.38333333,14,13.35,10.36666667,82,715000,The Battle of Teutoburg Forest 9 AD: When Trees Start Speaking Germanic,https://i.ytimg.com/vi/T5KEyOnk7Y4/hqdefault.jpg,67160,0,1
49,UCHdluULl5c7bilx1x1TGzJQ,9354,5547,6584,272179,60270,117223,74809,82189,194347,244964,0.043403891,0.034433027,0.034629405,0.104302683,0.050107848,0.058060278,0.06952372,0.073513487,0.0448682,0.051570843,10.48333333,32.35,21.03333333,6.733333333,8.75,12.26666667,9.916666667,9.183333333,12.51666667,14.45,15.66666667,60,589000,Assassin's Creed II is Good Until it Isn't,https://i.ytimg.com/vi/VH9wLbK_q-g/hqdefault.jpg,73958,1,1
50,UCC552Sd-3nyi_tk2BudLUzA,644141,521764,128158,470319,308802,530747,1229926,843413,526075,379626,0.036591367,0.059473248,0.069718629,0.050795311,0.058500269,0.051280554,0.008411075,0.042467925,0.062221166,0.061805567,4.666666667,9.066666667,7.85,5.883333333,6.866666667,8.3,10.75,9.6,7.733333333,12.23333333,1.016666667,458,10400000,We finally understand DEJA VU!,https://i.ytimg.com/vi/b2cy9BvaaY4/hqdefault.jpg,51901,1,1
51,UCsXVk37bltHxD1rDPwtNM8Q,5187993,3257223,3803207,4601803,7696422,5475320,6083066,6154214,7998186,6800073,0.045277239,0.090582376,0.052657139,0.054712251,0.04647861,0.045993659,0.047476223,0.039334836,0.047965251,0.03973325,11.26666667,9.966666667,11.2,10.86666667,12.38333333,11.46666667,10.73333333,11.31666667,10.58333333,11.98333333,1.483333333,176,20400000,Our Very First Merch Drop ‚Äì Cosmic Pioneers Edition,https://i.ytimg.com/vi/XXoo_3nTtxQ/hqdefault.jpg,211899,1,1
52,UC6107grRI4m0o2-emgoDnAA,583398,1801105,1155149,2331982,2699999,696032,4061288,878137,2266278,1119712,0.053910024,0.043051904,0.070752777,0.039984871,0.03474705,0.060821916,0.030743203,0.050914607,0.043180051,0.036572797,13.36666667,16.96666667,8,17.95,58.98333333,19.2,19.96666667,15.68333333,28.85,59.95,29.8,366,11000000,MOLTEN GLASS VS Prince Rupert's Drop - Smarter Every Day 285,https://i.ytimg.com/vi/C1KT8PS6Zs4/hqdefault.jpg,2311324,1,1
53,UCUHW94eEFW7hkUMVaZz4eDg,933449,1255846,832245,7011873,559628,1210641,241694,225327,431240,464406,0.048948577,0.04815479,0.056703254,0.040256861,0.080469526,0.0514463,0.063758306,0.066569918,0.066742417,0.070158439,6.616666667,3.233333333,3.683333333,4.083333333,6.433333333,4.95,7.55,1.583333333,3.733333333,7.216666667,4.766666667,270,5650000,Geosynchronous Orbits are WEIRD,https://i.ytimg.com/vi/tI8OqpkOVzs/hqdefault.jpg,706295,1,1
54,UC06E4Y_-ybJgBUMtXx8uNNw,6499371,2886364,1894594,3154256,7818849,8219098,3165521,9518414,3319422,17817672,0.037131593,0.031162043,0.039138728,0.038166211,0.026687943,0.025557184,0.032565887,0.034263586,0.02791962,0.020423993,13.25,8.766666667,10.15,10.65,10.16666667,9.516666667,11.03333333,10.35,12.66666667,9.333333333,11.15,179,5620000,Laser Cleaner Lifehacks,https://i.ytimg.com/vi/SXeeRgEY2UE/hqdefault.jpg,3383787,0,1
55,UCmQXOAse-VnzuXHebX5I77g,,,,,,,,,,,,,,,,,,,,,,,,,,,,,,,19.85,1,2110000,What happened to charlieissocoollike? | A Reintroduction Q&A,https://i.ytimg.com/vi/UXCrGgXG4zA/hqdefault.jpg,738050,1,1
56,UCxo8ooAqXiObjuaIy10ud0A,42852,35943,46650,31071,31616,25908,28668,27435,28616,84732,0.038247923,0.040258187,0.04908896,0.050851276,0.051492915,0.053458391,0.061811079,0.051540004,0.063845401,0.053214842,6.416666667,5.2,5.483333333,5.4,4.4,4.883333333,4.466666667,4.783333333,5.616666667,4.383333333,4.466666667,480,2020000,Are Cell Phones Mutating the Shape of Our Bones?,https://i.ytimg.com/vi/oXEqt7hnIb8/hqdefault.jpg,113462,1,1
57,UCvJiYiBUbw4tmpRSZT2r1Hw,597931,884831,17556,262552,656696,17089,311441,349824,206821,694444,0.01049285,0.012369594,0.041922989,0.018015479,0.013432395,0.024284628,0.013871006,0.016379665,0.012218295,0.012349448,10.15,9.45,9.7,9.7,10.1,2.783333333,5.416666667,5.416666667,5.416666667,5.416666667,3.333333333,2007,4500000,Experts Dig In Search of a Ghost Ship! | Unexplained & Unexplored | Science Channel,https://i.ytimg.com/vi/ItITazC3VN0/hqdefault.jpg,4745,0,1
58,UCJcycnanWtyOGcz34jUlYZA,26161,4278,2747,4608,6167,4440,6325,3289,3629,11671,0.010626505,0.024310425,0.012377139,0.043185764,0.035025134,0.023648649,0.023399209,0.035269079,0.018462386,0.015165796,7.616666667,6.066666667,3.183333333,39.05,11.85,12.25,3.366666667,2.383333333,7.316666667,11.21666667,32.83333333,623,844000,Incredible Science Camp! Join me this summer,https://i.ytimg.com/vi/_IJnLbcdisw/hqdefault.jpg,6605,1,1
59,UC9uD-W5zQHQuAVT2GdcLCvg,3954168,7877298,1215701,587794,1190370,3655470,130890,3068797,2169900,1553496,0.008869122,0.003721454,0.015587714,0.034704335,0.03239917,0.026086386,0.042157537,0.023404611,0.018494401,0.01511301,9.483333333,9.283333333,9.033333333,10.85,14,15.71666667,6.95,14.9,8.633333333,14.48333333,1.016666667,564,2460000,Can pineapple skins replace soap? #sustainability #ecofriendly  #sustainableproducts,https://i.ytimg.com/vi/ZXlGwdR8GcQ/hqdefault.jpg,11050,0,1
60,UCn8zNIfYAQNdrFRrr8oibKw,411124,583234,307496,2323316,584188,1347365,161693,4803263,709791,883890,0.01813808,0.022834746,0.012670084,0.006405069,0.018081508,0.013293354,0.02478153,0.021911771,0.0233449,0.022202989,23.2,22.95,5.033333333,8.65,44,6.716666667,12.08333333,7.316666667,9.8,20.2,46.56666667,3849,16700000,"Yes, MAGA Rap Is Real And Trump Supporters Love It | Fringes",https://i.ytimg.com/vi/ucgu-Ooxy9c/hqdefault.jpg,367991,1,1
61,UCttspZesZIDEwwpVIgoZtWQ,1125137,296110,1906134,165096,113129,144786,247503,180557,156299,113230,0.010780021,0.012725001,0.02515458,0.018746669,0.015619337,0.01353722,0.014969516,0.013502661,0.025623964,0.016921311,15.5,41.68333333,9.95,4.066666667,11,53.08333333,3.316666667,14.25,11.7,11.01666667,12.91666667,264719,34800000,Atique Ahmed Son Umar: ‡§Ø‡•ã‡§ó‡•Ä‡§∞‡§æ‡§ú ‡§Æ‡•á‡§Ç ‡§Æ‡§æ‡§´‡§ø‡§Ø‡§æ ‡§ï‡•Ä '‡§â‡§Æ‡§∞' ‡§õ‡•ã‡§ü‡•Ä ‡§π‡•à! | Yogi Adityanath | UP Police |Prayagraj,https://i.ytimg.com/vi/UyoLiWfZlPA/hqdefault.jpg,797208,0,1
62,UCfwx98Wty7LhdlkxL5PZyLA,28478,330885,82660,26468,25042,204633,47865,1342890,1251828,43767,0.00305499,0.001907007,0.001971933,0.00385371,0.007108058,0.004891684,0.004846965,0.000605411,8.47E-05,0.001964951,8.35,8.866666667,8.033333333,18.55,8.05,8.133333333,1.016666667,9.883333333,10.13333333,8.466666667,9.416666667,2924,10100000,38-Year Age Gap - That's Fine Right? | DATING DIFFERENT,https://i.ytimg.com/vi/1rjv6_dwD-Q/hqdefault.jpg,24460,1,1
63,UCupvZG-5ko_eiXAupbDfxWw,472061,988406,176290,38024,85047,32025,90260,133875,173383,429636,0.017535869,0.015991404,0.028691361,0.022985483,0.016637859,0.027665886,0.038411256,0.018472456,0.013611484,0.024832649,8.716666667,6.8,5.4,7.433333333,10.98333333,4.2,10.8,3.966666667,6.1,9.766666667,10.26666667,159126,15000000,Hear Biden's message to Americans concerned about his age,https://i.ytimg.com/vi/_VQ_DMc3eTo/hqdefault.jpg,96940,0,1
64,UCLXo7UDZvByw2ixzpQCufnA,658115,1444613,5026762,1581629,390242,709754,384359,2361979,1067312,1293900,0.037876359,0.025698232,0.060206153,0.042807763,0.034883483,0.028247815,0.024633221,0.028362234,0.025432114,0.03062215,6.45,10.71666667,7.416666667,11.53333333,8.016666667,12,5.25,5.716666667,9.766666667,6.483333333,8.133333333,1597,11300000,How TikTok dances trained an AI to see,https://i.ytimg.com/vi/y2BVTW09vck/hqdefault.jpg,349414,1,1
65,UCE2606prvXQc_noEqKxVJXA,2094,491257,1569,723,2505,3590,1685,12713,7948,347076,0.008118434,0.003883914,0.009560229,0.009681881,0.010379242,0.008635097,0.008902077,0.007079368,0.006290891,0.011844668,1.25,48.73333333,3.866666667,3.516666667,1.25,1.25,3.066666667,53.13333333,50.68333333,3.15,3.95,188612,14900000,"Workshop seeks to help combat rise of hate crimes in U.S. | TFC News California, USA",https://i.ytimg.com/vi/wtjYTn5REmU/hqdefault.jpg,387,0,1
66,UC9k-yiEpRHMNVOnOi_aQK8w,44182,63876,59812,57052,125062,78183,388671,59763,51831,179611,0.024240641,0.024124867,0.021132883,0.016108112,0.026434888,0.035225049,0.046090395,0.037046333,0.041905423,0.014403349,2.083333333,2.266666667,1.85,1.216666667,1.183333333,1.3,1.7,1.016666667,1.616666667,2.933333333,1.25,30011,11700000,California‚Äôs Unusual Wet Winter Sparks New ‚ÄòGold Rush‚Äô,https://i.ytimg.com/vi/Fpe90ibdDes/hqdefault.jpg,188221,0,1
67,UCBi2mrWuNuyYy4gbM6fU18Q,44111,4253,40630,57380,72842,5414,5679,143233,13830,443843,0.014304822,0.015048201,0.038985971,0.004635762,0.016020977,0.013668267,0.061278394,0.010025623,0.02769342,0.006263476,27.8,8.9,4.516666667,3.75,1.7,1.9,2.833333333,7.316666667,7.15,2.216666667,6.583333333,78969,14300000,How Muslim women navigate the complexity of hijabs in fashion l ABCNL,https://i.ytimg.com/vi/AbcfZKE2UKE/hqdefault.jpg,5714,1,1
68,UC1yBKRuGpC1tSM73A0ZjYjQ,23267,81919,29127,59896,77145,40766,758422,162988,117601,111215,0.051360296,0.0419927,0.068046829,0.072008147,0.069777691,0.080925281,0.025194417,0.042334405,0.043681601,0.042089646,7.216666667,11.38333333,9.266666667,6.85,19.65,13.76666667,11.65,12.56666667,11.78333333,15,12.9,54347,5410000,INCEL Community Erupts After Leader Announces He's No Longer Celibate,https://i.ytimg.com/vi/thUSizPSP80/hqdefault.jpg,251253,0,1
69,UC16niRr50-MSBwiO3YDb3RA,107007,18629,30142,239152,52476,55319,146536,41654,61235,29043,0.014204678,0.020988781,0.028631146,0.017574597,0.015721473,0.032032394,0.02398728,0.025519758,0.014125908,0.023792308,2,5.183333333,3.15,3.583333333,1.5,2.75,4.516666667,2.383333333,2.016666667,1.8,4.483333333,18270,14100000,Ukraine's Zelensky holds first war phone call with China's Xi - BBC News,https://i.ytimg.com/vi/yqacDmtj9Rk/hqdefault.jpg,171847,0,1
70,UC0C-w0YjGpqDXGB8IHb662A,4558115,188686,982598,374113,217469,1267735,1354002,508508,543387,41124798,0.039684168,0.072549103,0.023486716,0.042615466,0.055704491,0.033630057,0.030601875,0.050872356,0.046616868,0.010208196,3.266666667,1.016666667,3.016666667,3.366666667,3.466666667,3.216666667,3.25,6.7,1.366666667,3.583333333,3.133333333,295,53200000,Ed Sheeran - Boat [Official Lyric Video],https://i.ytimg.com/vi/kl-igUrRFD8/hqdefault.jpg,349862,1,1
71,UCfM3zsQsOnfWNUppiycmBuw,20724783,31717969,7509519,18034855,11456279,14511660,7112756,17988812,12109235,8482911,0.047204258,0.0444362,0.012428093,0.011826876,0.010336253,0.010927489,0.010024103,0.011133531,0.018361523,0.010384171,5.033333333,5.6,5.633333333,2.9,3.35,2.85,4.783333333,3.616666667,2.966666667,3.25,3.233333333,140,56100000,"Eminem ft. CeeLo Green - ""The King And I""",https://i.ytimg.com/vi/EksSDDte7EM/hqdefault.jpg,4761004,1,1
72,UCYvmuw-JtVrTZQ-7Y4kd63Q,288253,267976,145834,182445,175741,213764,198094,371800,428674,158928,0.038532123,0.034745649,0.047951781,0.049181945,0.088061409,0.066348871,0.047820732,0.039300699,0.04398214,0.093803483,4.333333333,2.983333333,2.2,2.833333333,3.05,2.866666667,2.233333333,2.983333333,5.35,15.26666667,3.083333333,122,44100000,Thomas Rhett & Katy Perry - Where We Started | LIVE @ CMA Awards,https://i.ytimg.com/vi/d8GuVx--bsk/hqdefault.jpg,230983,1,1
73,UCqECaJ8Gagnn7YCbPEzWH6g,185583,199241,464795,920312,533472,4684172,1461959,816217,547551,645704,0.076925149,0.072495119,0.03354382,0.110840671,0.073863296,0.073052612,0.035884043,0.031612917,0.051001642,0.028334965,3.633333333,3.983333333,3.183333333,3.533333333,2.95,6.95,4.533333333,3.316666667,5.066666667,3.6,3,211,51600000,Taylor Swift - Lavender Haze (Acoustic Version),https://i.ytimg.com/vi/anqxTwGE_nQ/hqdefault.jpg,935324,1,1
74,UCb2HGwORFBo94DmRx4oLzow,483229,925341,1384768,1070506,350515,28659007,306774,35555759,6354759,6042735,0.083716002,0.065257024,0.064870072,0.086028476,0.058873372,0.022672802,0.064738211,0.019339792,0.018762789,0.020350057,1.25,2.7,3.8,1.1,1.15,3.783333333,1.083333333,5.583333333,3.4,2.933333333,2.166666667,157,38100000,Made In The A.M. - #1DFirstListen,https://i.ytimg.com/vi/Z_xSDZ_yVbc/hqdefault.jpg,375122,1,1
75,UC9CoOnJkIBMdeijd9qYoT_g,12214726,8202098,9013105,2447843,2301626,9151384,4040258,2978219,1140156,10444849,0.030107839,0.068788132,0.075410416,0.127696507,0.101546037,0.089692881,0.114320917,0.10429589,0.025560537,0.033299572,3.45,6.933333333,4.866666667,2.2,19.6,1.133333333,1.583333333,3.133333333,3,2.866666667,3.883333333,147,52500000,The Weeknd & Ariana Grande - Die For You (Remix Acapella) (Official Audio),https://i.ytimg.com/vi/8WsWi-BDaug/hqdefault.jpg,916243,1,1
76,UCpDJl2EmP7Oh90Vylx0dZtA,27252,127247,42886,46314,13325,55389,50387,632212,359810,25026,0.04696903,0.013367702,0.025579443,0.028587468,0.044727955,0.038870534,0.035842578,0.008661651,0.016672688,0.041476864,1.366666667,2.933333333,2.883333333,2.333333333,1.016666667,3.966666667,3.116666667,2.316666667,2.55,1.45,2.6,11280,30000000,Yung Felix - I Need You (Official Music Video),https://i.ytimg.com/vi/wi2kpe0UU6A/hqdefault.jpg,49836,1,1
77,UCa10nxShhzNrCE1o2ZOPztg,46405,57205,251017,113059,284706,65222,396225,245969,257623,215041,0.027152247,0.026641028,0.024241386,0.02474814,0.036876638,0.033838275,0.024226134,0.023974566,0.017467385,0.026204305,6.2,4.666666667,3.866666667,3.266666667,4.083333333,2.516666667,2.683333333,2.916666667,3.3,3.183333333,4.516666667,2674,30400000,Kx5 - Eat Sleep ft. Richard Walters,https://i.ytimg.com/vi/6BGkht09RHs/hqdefault.jpg,53597,1,1
78,UCoUM-UJ7rirJYP8CQ0EIaHA,6679760,16806771,6765639,18987971,13534303,6169572,6225452,4440694,7072124,26344314,0.019024785,0.016089944,0.025752039,0.01735483,0.027703828,0.01563431,0.018516246,0.018449143,0.018869579,0.010965478,3.833333333,5.133333333,3.4,3.733333333,3.233333333,4.766666667,3.666666667,2.766666667,4.266666667,4.166666667,35.13333333,99,36400000,Bruno Mars - Unorthodox Jukebox (Full Album) [Official Audio],https://i.ytimg.com/vi/6ZPzqZoRrtk/hqdefault.jpg,1102932,0,1
79,UCEdvpU2pFRCVqU6yIPyTpMQ,82716,738549,1295280,660951,1241094,5071113,1798597,321456,603267,566807,0.085001693,0.033127118,0.037666759,0.044363349,0.031045191,0.014486958,0.030825138,0.063349261,0.048419688,0.042483597,1.416666667,14.61666667,3.766666667,2.35,2.383333333,3.35,2.6,2.533333333,4.016666667,3.133333333,1.85,423,56300000,"Marshmello, Polo G, Southside - Grown Man (Official Lyric Video)",https://i.ytimg.com/vi/7eMHx4QbFhY/hqdefault.jpg,130345,1,1
80,UCY30JRSgfhYXA6i6xX1erWg,232567,497943,578205,247454,321932,237271,200433,210368,369581,1295733,0.059995614,0.058201441,0.052668171,0.05709344,0.058357044,0.057453292,0.057405717,0.060508252,0.05735955,0.051173351,27.03333333,43.76666667,31.01666667,33.56666667,31.25,26.86666667,19.41666667,31.56666667,21.11666667,36.71666667,15.23333333,1557,25000000,"Exposing Our ""For You"" Pages",https://i.ytimg.com/vi/PnFKQr398cs/hqdefault.jpg,233949,1,1
81,UCV9_KinVpV-snHe3C3n1hvA,3339275,3615506,4030879,3650261,6204255,4648158,4774859,4344263,7088895,21903104,0.040290183,0.041942124,0.042117116,0.041644967,0.04583419,0.045458868,0.040888118,0.050522264,0.07307373,0,2.566666667,55.26666667,53.88333333,46.01666667,47.6,43.38333333,16.08333333,34.93333333,40.88333333,20.48333333,59.81666667,570,19300000,Conspiracy Theories with Shane Dawson 2023,https://i.ytimg.com/vi/sNH--374MzU/hqdefault.jpg,2177076,1,1
82,UC9gFih9rw0zNCK3ZtoKQQyA,3109124,4597780,4181282,3422743,4658760,4135963,3739651,2576848,5076748,9189666,0.098821404,0.062901444,0.072623659,0.068365051,0.070425392,0.063622668,0.083981366,0.061229067,0.057893754,0.044712833,5.166666667,15.38333333,10.51666667,12.91666667,11.46666667,15.08333333,23.43333333,27.86666667,15.08333333,22.55,16.4,250,19800000,Making A Dog Birthday Cake,https://i.ytimg.com/vi/KHCfr7qvkJs/hqdefault.jpg,6308781,1,1
83,UC8-Th83bH_thdKZDJCrn88g,48473,42033,35238,79236,562194,18601,133077,87684,8591,45605,0.025849442,0.01746247,0.023298712,0.023941138,0.015889533,0.03026719,0.015802881,0.018874595,0.029682226,0.029185396,7.816666667,3.833333333,8.116666667,5.033333333,13.35,7.066666667,7.55,9.85,2.066666667,4.583333333,4.55,8954,31000000,Black Thought & El Michels Affair: Glorious Game ft. KIRBY | The Tonight Show Starring Jimmy Fallon,https://i.ytimg.com/vi/aNwMhAALcqg/hqdefault.jpg,28422,1,1
84,UCxSz6JVYmzVhtkraHWZC7HQ,356639,633006,1186679,590339,1022603,9512603,924258,9630670,126452,1248460,0.030549099,0.000502365,0.000414602,0.000392995,0.000482103,7.75E-05,0.000511762,0.005209295,0.061058742,0.005413069,12.25,26.35,22.06666667,21.76666667,23.83333333,23.5,22.05,23.5,11.21666667,2.4,9.666666667,142,17200000,Baby's second time directing TV... with subtle humility,https://i.ytimg.com/vi/ge-IRMABmBk/hqdefault.jpg,568194,1,1
85,UCfm4y4rHF5HGrSr-qbvOwOg,35079,67333,560016,373855,370108,753130,355355,185746,645725,327984,0.054106445,0.054638884,0.03914531,0.057773736,0.063070779,0.072555867,0.094556148,0.080130931,0.062065121,0.093995439,1.116666667,1.366666667,4.516666667,5.15,4.866666667,5.466666667,2.733333333,3.616666667,3.666666667,3.85,1.5,981,14500000,2022‚Ä¶ That‚Äôs A Wrap!,https://i.ytimg.com/vi/Il0VrfHyPUI/hqdefault.jpg,44961,1,1
86,UCPDis9pjXuqyI7RYLJ-TTSA,2531045,1360469,1663743,2787423,1902801,1854736,1473557,3609151,2125001,10127628,0.009624878,0.011271848,0.013243632,0.010139832,0.011323833,0.012403922,0.014076144,0.0082482,0.010956701,0.005667369,8.033333333,20.13333333,8.183333333,20.05,8.116666667,11.28333333,8.083333333,12.23333333,8.416666667,22.53333333,11.03333333,412,16400000,Instant Regret! Fail Videos That Hurt To Watch,https://i.ytimg.com/vi/6GF1LYm7VGU/hqdefault.jpg,1621603,1,1
87,UCsiI8RWSiurqYv0U_NzJpdw,32725,30811,43024,867025,307623,113866,45939,38359277,1151525,10211521,0.049106188,0.044919022,0.042813313,0.028638159,0.039720697,0.053255581,0.051198328,0.015125572,0.039070797,0.034590831,32.4,25.9,30.01666667,32.31666667,31.16666667,23.26666667,34.68333333,35.41666667,35.7,35.95,33.65,12,155000,midnight playlist,https://i.ytimg.com/vi/TVKvPxm7wik/hqdefault.jpg,12758,1,1
88,UCPDXXXJj9nax0fr0Wfc048g,1013116,453158,544167,199485,349954,1717623,2303306,840828,2121696,419615,0.034674213,0.040663521,0.039458475,0.059147304,0.038913686,0.034352125,0.034011981,0.040642081,0.0516648,0.068782098,9.983333333,1.733333333,7.45,1.666666667,4.666666667,7.05,6.066666667,2.733333333,7.5,5,9.366666667,4282,14600000,It's A Classic Virgin Tradition | Breaking News,https://i.ytimg.com/vi/Wjb_bHXIFDk/hqdefault.jpg,242190,1,1
89,UCi9cDo6239RAzPpBZO9y5SA,8878,1404603,13203,43137,9797,33978,15057,14491,6264614,724763,0.046632124,0.020247714,0.075134439,0.023460139,0.045830356,0.031137795,0.072125921,0.041197985,0.025547145,0.022615669,3.166666667,2.466666667,2.683333333,2.166666667,3.35,2.95,2.466666667,2.483333333,2.533333333,2.466666667,2.616666667,201,17900000,"Lele Pons, Guaynaa - Vamo A Darle Lele (Cover Audio)",https://i.ytimg.com/vi/Bm7n1V9nXZw/hqdefault.jpg,8765,1,1
90,UCHJuQZuzapBh-CuhRYxIZrg,59549,183211,1064796,381360,826131,4122192,99535,2095931,241199,270986,0.01207409,0.013225188,0.009199884,0.021779945,0.004581598,0.00249018,0.018978249,0.017729114,0.014262082,0.015188977,5.116666667,8.5,10.65,14.3,10.55,10.36666667,6.5,10.28333333,4.266666667,7,8.116666667,7591,8120000,Deep Cleaning Every Part Of A PlayStation 4 | Deep Cleaned | Insider,https://i.ytimg.com/vi/RwHh5mjxWLk/hqdefault.jpg,97102,1,1
91,UCyEd6QBSgat5kkC6svyjudA,1203786,772631,1272597,1563875,2042519,1089160,1691894,2213917,1388143,3207737,0.019800031,0.025149133,0.021677719,0.016618975,0.021305065,0.023810092,0.02012301,0.017369215,0.021394049,0.015645921,37.55,24.68333333,32.73333333,33.63333333,26.93333333,22.21666667,26.75,26.08333333,24.61666667,38.93333333,24.15,1309,9800000,Bangkok Street Food - $2 SPICY SQUID!! | Real Local Thai Food!,https://i.ytimg.com/vi/MmW1g5ApLXQ/hqdefault.jpg,772291,1,1
92,UCdPambxHRj0kdFPNoJFM98A,64930,6430,8055,76870,22915,7105,16762,25818,33598,10280,0.013922686,0.037947123,0.03786468,0.022596592,0.023216234,0.039127375,0.026130533,0.026415679,0.024316924,0.056128405,10.45,7.716666667,7.816666667,12.3,13.05,8.283333333,13.73333333,14.06666667,9.016666667,13.4,9.35,1266,1020000,WHERE WILL I LIVE NEXT?,https://i.ytimg.com/vi/z11lQNjXnBw/hqdefault.jpg,37687,1,1
93,UCXsQlHGuoWqukC9vz-uonrg,301823,488623,593679,460867,905727,829708,943327,457022,1129213,419694,0.018888554,0.019149733,0.020541404,0.023991737,0.021440235,0.0181823,0.017950297,0.02784111,0.018243679,0.027689221,20.5,24,28,48,19,31.5,21,22,30.5,21,20.5,103,1490000,Bangkok Illicit Street Market Spree!,https://i.ytimg.com/vi/9Ayu7vXpcrA/hqdefault.jpg,618512,0,1
94,UCd5xLBi_QU6w7RGm5TTznyQ,15680,5200,5115,2400,18361,4693,3547,6262,7468,2360,0.043112245,0.038461538,0.054740958,0.05,0.029628016,0.074366077,0.051029039,0.059885021,0.055436529,0.055932203,11.38333333,12.28333333,8.666666667,14.28333333,3.416666667,13.25,6.65,6.883333333,5.733333333,13.4,16.18333333,400,640000,"We Were Warned About Colombia, Didn't Expect This",https://i.ytimg.com/vi/vMY80JuXW6s/hqdefault.jpg,9841,1,1
95,UCGaOvAFinZ7BCN_FDmw74fQ,5569,10904,6890,6200,5111,10076,9400,12139,336909,437683,0.019033938,0,0.035268505,0.030483871,0.036587752,0.022727273,0.019361702,0.020677156,0.010531034,0.010388797,1.016666667,1.016666667,1.883333333,2.266666667,2.383333333,2.033333333,4.55,3.283333333,8.983333333,8.516666667,15.91666667,680,1150000,Discover a city of surprises in Abu Dhabi,https://i.ytimg.com/vi/b_lrv-lnpbs/hqdefault.jpg,8537,0,1
96,UC8hI77bH0VraIw6p2PHwivQ,111658,71467,44380,114383,73746,92397,83494,47023,175930,71590,0.038277598,0.045489527,0.050473186,0.029576073,0.050077292,0.046765588,0.044733753,0.047827659,0.028721651,0.048735857,12.45,23.93333333,22.36666667,28.46666667,21.96666667,19.38333333,13.06666667,17.08333333,45.15,21.26666667,23.3,355,1160000,"48 HOURS IN LONDON! Things To Eat & Do (Indian Food, Markets & More)",https://i.ytimg.com/vi/nWLCpCcYEZE/hqdefault.jpg,78870,1,1
97,UC_ptyMRLOsS1Uj0a34a_xCA,78927,63649,100279,76414,65367,77391,121934,109463,268464,93951,0.032929162,0.039796383,0.02816143,0.037401523,0.043370508,0.030701244,0.025357981,0.029388926,0.020647089,0.030931017,16.35,10.03333333,19.2,18.53333333,16.51666667,22.98333333,15.15,28.4,49.33333333,21.41666667,21.63333333,446,699000,Crispy FRIED CHICKEN Fast Food in Australia - Red Rooster Review,https://i.ytimg.com/vi/aL-BEMjJiEU/hqdefault.jpg,70196,1,1
98,UCJsSEDFFnMFvW9JWU6XUn0Q,25738,27045,59606,207492,80358,29271,129455,101119,106053,128652,0.039358147,0.030208911,0.029476898,0.018501918,0.023581971,0.046906494,0.024641767,0.018760075,0.026892214,0.021709729,2.983333333,2.033333333,4.233333333,3.416666667,2.65,4.416666667,6.6,4.783333333,5.216666667,3.7,1.666666667,257,539000,The Newspaper Devoted to Telling Positive Stories,https://i.ytimg.com/vi/e39qe_ZwWZA/hqdefault.jpg,35402,1,1
99,UCchgIh8Tc4sTmBfnMQ5pDdg,17508,16919,18481,18686,92571,47786,76236,373514,576937,362969,0.038953621,0.037649979,0.041393864,0.036658461,0.085188666,0.040011719,0.027729682,0.001416279,0.001206371,0.003738611,3.183333333,3.716666667,4.583333333,3.4,4.766666667,4.966666667,5.75,26.8,25.56666667,26.28333333,3.316666667,1930,1680000,Loch Ness: Scotland's Legendary Lake - Rick Steves‚Äô Europe Travel Guide - Travel Bite,https://i.ytimg.com/vi/WUidfeCaXQw/hqdefault.jpg,15334,0,1
